{
	"info": {
		"_postman_id": "839a99f7-ac63-40c7-9e3b-19eb5dd850d1",
		"name": "BUT2",
		"schema": "https://schema.getpostman.com/json/collection/v2.1.0/collection.json"
	},
	"item": [
		{
			"name": "/api/dev/reset",
			"request": {
				"method": "GET",
				"header": [],
				"url": {
					"raw": "http://localhost:3000/api/products/",
					"protocol": "http",
					"host": [
						"localhost"
					],
					"port": "3000",
					"path": [
						"api",
						"products",
						""
					]
				}
			},
			"response": []
		},
		{
			"name": "/api/products",
			"request": {
				"method": "GET",
				"header": [],
				"url": {
					"raw": "http://localhost:3000/api/products/",
					"protocol": "http",
					"host": [
						"localhost"
					],
					"port": "3000",
					"path": [
						"api",
						"products",
						""
					]
				}
			},
			"response": []
		},
		{
			"name": "/api/products",
			"request": {
				"auth": {
					"type": "bearer",
					"bearer": [
						{
							"key": "token",
							"value": "{{access_token}}",
							"type": "string"
						}
					]
				},
				"method": "POST",
				"header": [
					{
						"key": "Content-Type",
						"value": "application/json",
						"type": "text"
					}
				],
				"body": {
					"mode": "raw",
					"raw": "{\n    \"name\": \"Machine à écrire\",\n    \"description\": \"Machine à écrire vintage en parfait état de fonctionnement pour une expérience d'écriture unique et authentique.\",\n    \"pictureUrl\": \"https://picsum.photos/id/403/512/512\",\n    \"category\": \"High-Tech\",\n    \"originalPrice\": 200,\n    \"startDate\": \"2023-01-01T09:00:00Z\",\n    \"endDate\": \"2026-01-01T09:00:00Z\"\n}"
				},
				"url": {
					"raw": "http://localhost:3000/api/products",
					"protocol": "http",
					"host": [
						"localhost"
					],
					"port": "3000",
					"path": [
						"api",
						"products"
					]
				}
			},
			"response": []
		},
		{
			"name": "/api/products/:productId",
			"request": {
				"method": "GET",
				"header": [],
				"url": {
					"raw": "http://localhost:3000/api/products/a0f7c522-78f8-442e-a55d-642cfe566634",
					"protocol": "http",
					"host": [
						"localhost"
					],
					"port": "3000",
					"path": [
						"api",
						"products",
						"a0f7c522-78f8-442e-a55d-642cfe566634"
					]
				}
			},
			"response": []
		},
		{
			"name": "/api/user/:userId",
			"request": {
				"method": "GET",
				"header": [],
				"url": {
					"raw": "http://localhost:3000/api/users/1f2fadb1-0d7e-47a7-9d5b-ed031d665d3e",
					"protocol": "http",
					"host": [
						"localhost"
					],
					"port": "3000",
					"path": [
						"api",
						"users",
						"1f2fadb1-0d7e-47a7-9d5b-ed031d665d3e"
					]
				}
			},
			"response": []
		},
		{
			"name": "/api/products/:productId",
			"request": {
				"auth": {
					"type": "bearer",
					"bearer": [
						{
							"key": "token",
							"value": "{{access_token}}",
							"type": "string"
						}
					]
				},
				"method": "PUT",
				"header": [
					{
						"key": "Content-Type",
						"value": "application/json",
						"type": "text"
					}
				],
				"body": {
					"mode": "raw",
					"raw": "{\n    \"name\": \"Machine à écrire\",\n    \"description\": \"Machine à écrire vintage en parfait état de fonctionnement pour une expérience d'écriture unique et authentique.\",\n    \"pictureUrl\": \"https://picsum.photos/id/403/512/512\",\n    \"category\": \"High-Tech\",\n    \"originalPrice\": 200,\n    \"endDate\": \"2026-01-01T09:00:00Z\"\n}"
				},
				"url": {
					"raw": "http://localhost:3000/api/products/a0f7c522-78f8-442e-a55d-642cfe566634",
					"protocol": "http",
					"host": [
						"localhost"
					],
					"port": "3000",
					"path": [
						"api",
						"products",
						"a0f7c522-78f8-442e-a55d-642cfe566634"
					]
				}
			},
			"response": []
		},
		{
			"name": "/api/products/:productId",
			"request": {
				"auth": {
					"type": "bearer",
					"bearer": [
						{
							"key": "token",
							"value": "{{access_token}}",
							"type": "string"
						}
					]
				},
				"method": "DELETE",
				"header": [],
				"url": {
					"raw": "http://localhost:3000/api/products/a0f7c522-78f8-442e-a55d-642cfe566634",
					"protocol": "http",
					"host": [
						"localhost"
					],
					"port": "3000",
					"path": [
						"api",
						"products",
						"a0f7c522-78f8-442e-a55d-642cfe566634"
					]
				}
			},
			"response": []
		},
		{
			"name": "/api/products/:productId/bids",
			"request": {
				"auth": {
					"type": "bearer",
					"bearer": [
						{
							"key": "token",
							"value": "{{access_token}}",
							"type": "string"
						}
					]
				},
				"method": "POST",
				"header": [
					{
						"key": "Content-Type",
						"value": "application/json",
						"type": "text"
					}
				],
				"body": {
					"mode": "raw",
					"raw": "{\n    \"price\": 42\n}"
				},
				"url": {
					"raw": "http://localhost:3000/api/products/a0f7c522-78f8-442e-a55d-642cfe566634/bids",
					"protocol": "http",
					"host": [
						"localhost"
					],
					"port": "3000",
					"path": [
						"api",
						"products",
						"a0f7c522-78f8-442e-a55d-642cfe566634",
						"bids"
					]
				}
			},
			"response": []
		},
		{
			"name": "/api/bids/:bidId",
			"request": {
				"auth": {
					"type": "bearer",
					"bearer": [
						{
							"key": "token",
							"value": "{{access_token}}",
							"type": "string"
						}
					]
				},
				"method": "DELETE",
				"header": [],
				"url": {
					"raw": "http://localhost:3000/api/bids/8ccc6e79-f3c9-43e9-b47e-5be7b84d8de7",
					"protocol": "http",
					"host": [
						"localhost"
					],
					"port": "3000",
					"path": [
						"api",
						"bids",
						"8ccc6e79-f3c9-43e9-b47e-5be7b84d8de7"
					]
				}
			},
			"response": []
		},
		{
			"name": "/api/auth/login",
			"request": {
				"method": "POST",
				"header": [
					{
						"key": "Content-Type",
						"value": "application/json",
						"type": "text"
					}
				],
				"body": {
					"mode": "raw",
					"raw": "{\n    \"username\": \"derek\",\n    \"email\": \"derek@example.com\",\n    \"password\": \"azerty\"\n}"
				},
				"url": {
					"raw": "http://localhost:3000/api/auth/register",
					"protocol": "http",
					"host": [
						"localhost"
					],
					"port": "3000",
					"path": [
						"api",
						"auth",
						"register"
					]
				}
			},
			"response": []
		},
		{
			"name": "/api/auth/register",
			"request": {
				"method": "POST",
				"header": [
					{
						"key": "Content-Type",
						"value": "application/json",
						"type": "text"
					}
				],
				"body": {
					"mode": "raw",
					"raw": "{\n    \"email\": \"alice@example.com\",\n    \"password\": \"azerty\"\n}"
				},
				"url": {
					"raw": "http://localhost:3000/api/auth/login",
					"protocol": "http",
					"host": [
						"localhost"
					],
					"port": "3000",
					"path": [
						"api",
						"auth",
						"login"
					]
				}
			},
			"response": []
		}
	],
	"event": [
		{
			"listen": "prerequest",
			"script": {
				"type": "text/javascript",
				"exec": [
					"pm.sendRequest({",
					"    url: \"http://localhost:3000/api/auth/login\",",
					"    method: 'POST',",
					"    header: { 'Content-Type': 'application/json'},",
					"    body: {",
					"        mode: 'raw',",
					"        raw: { email: \"alice@example.com\", password: \"azerty\" }",
					"    }",
					"},  function(err, response) {",
					"    ",
					"    let response_json = response.json();",
					"    let access_token = response_json.access_token;",
					"    pm.collectionVariables.set('access_token', access_token);",
					"    console.log(access_token);",
					"});"
				]
			}
		},
		{
			"listen": "test",
			"script": {
				"type": "text/javascript",
				"exec": [
					""
				]
			}
		}
	],
	"variable": [
		{
			"key": "access_token",
			"value": ""
		}
	]
}